{
	"easycom": {
			"^u-(.*)": "@/uview-ui/components/u-$1/u-$1.vue"
	},
	"pages": [ //pages数组中第一项表示应用启动页，参考：https://uniapp.dcloud.io/collocation/pages
		{
			"path": "pages/index/index",
			"style": {
				"navigationBarTitleText": "home"
			}
		}
	    ,{
            "path" : "pages/index/mainpage/main",
            "style" :                                                                                    
            {
                "navigationBarTitleText": "main",
                "enablePullDownRefresh": false
            }
            
        },
		{
            "path" : "pages/index/me/me",
            "style" :                                                                                    
            {
                "navigationBarTitleText": "me",
                "enablePullDownRefresh": true
            }
            
        }
    ],
	"globalStyle": {
		"navigationBarTextStyle": "black",
		"navigationBarTitleText": "uni-app",
		"navigationBarBackgroundColor": "#F8F8F8",
		"backgroundColor": "#F8F8F8"
	},
	"tabBar": {
	    "color": "#7A7E83",
	    "selectedColor": "#3cc51f",
	    "borderStyle": "black",
	    "backgroundColor": "#ffffff",
	    "list": [{
	        "pagePath": "pages/index/index",
	        // "iconPath": "static/image/icon_component.png",
	        // "selectedIconPath": "static/image/icon_component_HL.png",
	        "text": "Home"
	    }, {
	        "pagePath": "pages/index/mainpage/main",
	        // "iconPath": "static/image/icon_API.png",
	        // "selectedIconPath": "static/image/icon_API_HL.png",
	        "text": "main"
	    }, {
	        "pagePath": "pages/index/me/me",
	        // "iconPath": "static/image/icon_API.png",
	        // "selectedIconPath": "static/image/icon_API_HL.png",
	        "text": "me"
	    }
		]
	}
}
