{
	"easycom": {
			"^u-(.*)": "@/uview-ui/components/u-$1/u-$1.vue"
	},
	"pages": [ //pages数组中第一项表示应用启动页，参考：https://uniapp.dcloud.io/collocation/pages
		{
			"path": "pages/index/index",
			"style": {
				"navigationBarTitleText": "Home"
			}
		}
	    ,{
            "path" : "pages/index/inquiry/inquiry",
            "style" :                                                                                    
            {
                "navigationBarTitleText": "Inquiry",
                "enablePullDownRefresh": false
            }
            
        },
		{
			"path" : "pages/index/comment/comment",
			"style" : {
				"navigationBarTitleText": "Comment",
				"enablePullDownRefresh" : false
			}
		},
		{
            "path" : "pages/index/me/me",
            "style" :                                                                                    
            {
                "navigationBarTitleText": "Me",
                "enablePullDownRefresh": true
            }
            
        },
		{
			"path": "pages/index/resetPassword/resetPassword",
			"style": {
				"navigationBarTitleText": "Reset Password",
				"enablePullDownRefresh": false
			} 
		}, 
		{
			"path": "pages/index/newUser/newUser",
			"style": {
				"navigationBarTitleText" : "Registration",
				"enablePullDownRefresh": false
			}
		}
    ],
	
	"globalStyle": {
		"navigationBarTextStyle": "black",
		"navigationBarTitleText": "uni-app",
		"navigationBarBackgroundColor": "#F8F8F8",
		"backgroundColor": "#F8F8F8"
	},

	"tabBar": {
	    "color": "#7A7E83",
	    "selectedColor": "#3cc51f",
	    "borderStyle": "black",
	    "backgroundColor": "#ffffff",
	    "list": [{
	        "pagePath": "pages/index/index",
	        // "iconPath": "static/image/icon_component.png",
	        // "selectedIconPath": "static/image/icon_component_HL.png",
	        "text": "Home"
	    }, {
	        "pagePath": "pages/index/inquiry/inquiry",
	        // "iconPath": "static/image/icon_API.png",
	        // "selectedIconPath": "static/image/icon_API_HL.png",
	        "text": "Inquiry"
	    }, {
			"pagePath" : "pages/index/comment/comment",
			"text" : "Comment"
		}, {
	        "pagePath": "pages/index/me/me",
	        // "iconPath": "static/image/icon_API.png",
	        // "selectedIconPath": "static/image/icon_API_HL.png",
	        "text": "Me"
	    }
		]
	}
}
